-- MySQL dump 10.13  Distrib 5.7.12, for Win64 (x86_64)
--
-- Host: 127.0.0.1    Database: evesst_database
-- ------------------------------------------------------
-- Server version	5.7.15-log

/*!40101 SET @OLD_CHARACTER_SET_CLIENT=@@CHARACTER_SET_CLIENT */;
/*!40101 SET @OLD_CHARACTER_SET_RESULTS=@@CHARACTER_SET_RESULTS */;
/*!40101 SET @OLD_COLLATION_CONNECTION=@@COLLATION_CONNECTION */;
/*!40101 SET NAMES utf8 */;
/*!40103 SET @OLD_TIME_ZONE=@@TIME_ZONE */;
/*!40103 SET TIME_ZONE='+00:00' */;
/*!40014 SET @OLD_UNIQUE_CHECKS=@@UNIQUE_CHECKS, UNIQUE_CHECKS=0 */;
/*!40014 SET @OLD_FOREIGN_KEY_CHECKS=@@FOREIGN_KEY_CHECKS, FOREIGN_KEY_CHECKS=0 */;
/*!40101 SET @OLD_SQL_MODE=@@SQL_MODE, SQL_MODE='NO_AUTO_VALUE_ON_ZERO' */;
/*!40111 SET @OLD_SQL_NOTES=@@SQL_NOTES, SQL_NOTES=0 */;

--
-- Table structure for table `regions`
--

DROP TABLE IF EXISTS `regions`;
/*!40101 SET @saved_cs_client     = @@character_set_client */;
/*!40101 SET character_set_client = utf8 */;
CREATE TABLE `regions` (
  `id` int(11) NOT NULL AUTO_INCREMENT,
  `name` varchar(30) NOT NULL,
  PRIMARY KEY (`id`)
) ENGINE=InnoDB AUTO_INCREMENT=10000065 DEFAULT CHARSET=utf8;
/*!40101 SET character_set_client = @saved_cs_client */;

--
-- Dumping data for table `regions`
--

LOCK TABLES `regions` WRITE;
/*!40000 ALTER TABLE `regions` DISABLE KEYS */;
INSERT INTO `regions` VALUES (1,'Unknown space'),(10,'testRegion'),(10000002,'The Forge'),(10000016,'Lonetrek'),(10000020,'Tash-Murkon'),(10000028,'Molden Heath'),(10000030,'Heimatar'),(10000032,'Sinq Laison'),(10000033,'The Citadel'),(10000042,'Metropolis'),(10000043,'Domain'),(10000052,'Kador'),(10000064,'Essence');
/*!40000 ALTER TABLE `regions` ENABLE KEYS */;
UNLOCK TABLES;

--
-- Table structure for table `signatures`
--

DROP TABLE IF EXISTS `signatures`;
/*!40101 SET @saved_cs_client     = @@character_set_client */;
/*!40101 SET character_set_client = utf8 */;
CREATE TABLE `signatures` (
  `id` int(11) NOT NULL AUTO_INCREMENT,
  `systemID` int(11) NOT NULL,
  `code` varchar(7) NOT NULL,
  `typeID` int(11) NOT NULL,
  `nameID` int(11) NOT NULL,
  `created` datetime NOT NULL DEFAULT CURRENT_TIMESTAMP,
  `lastCheck` datetime NOT NULL DEFAULT CURRENT_TIMESTAMP,
  PRIMARY KEY (`id`),
  KEY `system` (`systemID`,`code`),
  KEY `signatures_ibfk_2` (`typeID`),
  KEY `signatures_ibfk_3` (`nameID`),
  CONSTRAINT `signatures_ibfk_1` FOREIGN KEY (`systemID`) REFERENCES `systems` (`id`) ON DELETE CASCADE,
  CONSTRAINT `signatures_ibfk_2` FOREIGN KEY (`typeID`) REFERENCES `signaturestypes` (`id`) ON DELETE CASCADE,
  CONSTRAINT `signatures_ibfk_3` FOREIGN KEY (`nameID`) REFERENCES `signaturesnames` (`id`) ON DELETE CASCADE
) ENGINE=InnoDB AUTO_INCREMENT=387 DEFAULT CHARSET=utf8;
/*!40101 SET character_set_client = @saved_cs_client */;

--
-- Dumping data for table `signatures`
--

LOCK TABLES `signatures` WRITE;
/*!40000 ALTER TABLE `signatures` DISABLE KEYS */;
INSERT INTO `signatures` VALUES (1,1,'AAA-000',2,6,'2017-06-02 15:57:41','2017-06-03 16:45:04'),(18,8,'AAA-000',1,2,'2017-05-31 01:32:21','2017-05-31 01:32:21'),(19,8,'AAA-001',1,2,'2017-06-02 17:09:44','2017-06-02 17:09:44'),(20,30005017,'TQW-503',1,5,'2017-06-02 17:15:12','2017-06-02 17:15:12'),(21,31001118,'TVG-946',1,5,'2017-06-02 17:16:08','2017-06-02 17:16:08'),(22,31001118,'MCV-000',1,5,'2017-06-02 17:16:08','2017-06-02 17:16:08'),(23,31001118,'FZX-829',1,5,'2017-06-02 17:16:08','2017-06-02 17:16:08'),(24,30005017,'TPQ-400',1,5,'2017-06-02 18:03:56','2017-06-02 18:03:56'),(25,30005017,'DVN-713',1,5,'2017-06-02 19:19:58','2017-06-02 19:19:58'),(26,30005018,'RTC-365',1,5,'2017-06-02 19:24:24','2017-06-02 19:24:24'),(27,30005016,'GCD-870',1,5,'2017-06-02 19:26:57','2017-06-02 19:26:57'),(28,30002764,'VOG-925',2,7,'2017-06-02 19:36:37','2017-06-03 00:02:32'),(29,30002764,'EIY-900',2,6,'2017-06-02 19:36:38','2017-06-03 17:22:08'),(30,31000284,'ZKS-745',1,5,'2017-06-02 19:40:01','2017-06-02 19:40:01'),(31,31000284,'PKY-230',1,5,'2017-06-02 19:40:02','2017-06-02 19:40:02'),(32,30002763,'QVY-726',1,5,'2017-06-03 00:04:50','2017-06-03 00:04:50'),(33,30002763,'DNK-431',1,5,'2017-06-03 00:04:50','2017-06-03 00:04:50'),(34,30002765,'EQH-448',1,5,'2017-06-03 00:23:07','2017-06-03 00:23:07'),(35,30002765,'DDX-722',1,5,'2017-06-03 16:03:21','2017-06-03 16:03:21'),(36,30002762,'GCQ-980',1,5,'2017-06-03 17:35:32','2017-06-03 17:35:32'),(37,30002762,'WQX-340',2,6,'2017-06-03 17:35:32','2017-06-03 17:43:13'),(38,31000378,'XSC-344',2,6,'2017-06-03 17:43:16','2017-06-03 17:44:00'),(39,31000378,'PQU-530',1,5,'2017-06-03 17:43:16','2017-06-03 17:43:16'),(40,31000378,'BLB-738',1,5,'2017-06-03 17:43:16','2017-06-03 17:43:16'),(41,31000378,'OOJ-808',1,5,'2017-06-03 17:43:16','2017-06-03 17:43:16'),(42,31000378,'OUP-702',1,5,'2017-06-03 17:43:16','2017-06-03 17:43:16'),(43,30002762,'BFA-192',2,7,'2017-06-04 16:48:29','2017-06-04 23:55:22'),(44,30002762,'XRN-035',1,5,'2017-06-04 21:41:55','2017-06-04 21:41:55'),(45,30002762,'NTQ-333',1,5,'2017-06-04 22:29:48','2017-06-04 22:29:48'),(46,30004974,'XAB-892',2,7,'2017-06-05 00:04:12','2017-06-05 02:28:10'),(47,30004974,'JBP-036',2,6,'2017-06-05 00:30:55','2017-06-05 02:28:10'),(48,30004973,'GUT-046',2,7,'2017-06-05 01:32:20','2017-06-05 04:24:08'),(49,30004975,'EAH-832',3,9,'2017-06-05 04:24:12','2017-06-05 05:11:36'),(50,30004975,'IIW-480',1,5,'2017-06-05 04:24:12','2017-06-05 04:24:12'),(51,30004975,'ZFE-027',3,5,'2017-06-05 04:41:18','2017-06-05 05:11:35'),(52,30004975,'LOK-850',1,5,'2017-06-05 05:14:49','2017-06-05 05:14:49'),(53,30002762,'LHF-628',1,5,'2017-06-05 05:17:43','2017-06-05 05:17:43'),(54,30002768,'LQV-175',1,5,'2017-06-05 05:20:58','2017-06-05 05:20:58'),(55,30000139,'NYY-580',1,5,'2017-06-05 05:27:16','2017-06-05 05:27:16'),(56,30000144,'SKZ-054',1,5,'2017-06-05 05:28:08','2017-06-05 05:28:08'),(57,30000142,'KJA-300',1,5,'2017-06-05 05:28:53','2017-06-05 05:28:53'),(58,30000140,'OCI-610',1,5,'2017-06-05 07:09:10','2017-06-05 07:09:10'),(59,30000140,'OOT-720',1,5,'2017-06-05 07:09:38','2017-06-05 07:09:38'),(60,30000140,'RYE-304',1,5,'2017-06-05 07:09:42','2017-06-05 07:09:42'),(61,30001389,'HHH-482',2,5,'2017-06-05 08:12:24','2017-06-05 08:13:56'),(62,30001368,'JJS-902',3,10,'2017-06-05 08:17:48','2017-06-05 08:27:33'),(63,30001368,'NKF-563',2,7,'2017-06-05 08:17:49','2017-06-05 08:27:34'),(64,30001368,'ADM-450',2,5,'2017-06-05 08:17:49','2017-06-05 08:25:04'),(65,30001369,'MSM-688',6,5,'2017-06-05 08:27:38','2017-06-05 08:29:48'),(66,30001369,'YTI-680',2,5,'2017-06-05 08:27:39','2017-06-05 08:29:03'),(67,30001369,'SUA-230',2,5,'2017-06-05 08:27:39','2017-06-05 08:29:40'),(68,30002750,'EPP-132',2,5,'2017-06-05 08:39:54','2017-06-05 09:00:01'),(69,30002750,'OWB-560',2,7,'2017-06-05 08:39:54','2017-06-05 09:00:02'),(70,30002750,'ZOJ-775',3,11,'2017-06-05 08:41:09','2017-06-05 08:42:32'),(71,30002739,'STX-924',2,7,'2017-06-05 09:00:05','2017-06-05 09:01:14'),(72,30002740,'FKE-880',6,5,'2017-06-05 09:08:43','2017-06-05 09:10:10'),(73,30002740,'TIU-788',6,5,'2017-06-05 09:08:43','2017-06-05 09:10:10'),(74,30002739,'YQX-588',3,12,'2017-06-05 09:10:48','2017-06-05 09:11:51'),(75,30002752,'CQU-498',3,11,'2017-06-05 09:13:02','2017-06-05 09:14:15'),(76,30002775,'DKK-624',2,5,'2017-06-05 09:14:19','2017-06-05 09:25:11'),(77,30002775,'QRD-776',3,13,'2017-06-05 09:14:19','2017-06-05 09:21:57'),(78,30002775,'WOW-190',2,5,'2017-06-05 09:14:20','2017-06-05 09:50:36'),(79,30002775,'XEM-517',7,5,'2017-06-05 09:14:20','2017-06-05 09:25:12'),(80,30002776,'MEJ-400',7,5,'2017-06-05 09:26:02','2017-06-05 09:48:34'),(81,30002776,'VXM-091',7,14,'2017-06-05 09:26:03','2017-06-05 09:26:58'),(82,30002777,'DJR-700',2,5,'2017-06-05 09:27:18','2017-06-05 09:43:27'),(83,30002777,'JUF-262',3,15,'2017-06-05 09:27:18','2017-06-05 09:35:13'),(84,30002778,'WIX-460',3,12,'2017-06-05 09:43:31','2017-06-05 09:44:39'),(85,30002779,'HPK-319',2,5,'2017-06-05 09:44:44','2017-06-05 09:45:23'),(86,30002776,'HXI-193',7,5,'2017-06-05 09:47:50','2017-06-05 09:48:33'),(87,30002775,'EWP-280',7,14,'2017-06-05 09:49:24','2017-06-05 09:50:36'),(88,30001379,'DEY-995',2,5,'2017-06-05 09:51:41','2017-06-05 09:52:38'),(89,30001377,'PJV-406',3,16,'2017-06-05 09:52:42','2017-06-05 09:53:42'),(90,30002781,'KQN-732',7,17,'2017-06-05 09:53:45','2017-06-05 09:57:52'),(91,30002781,'LWJ-670',2,7,'2017-06-05 09:53:46','2017-06-05 09:57:53'),(92,30002781,'ONL-060',2,7,'2017-06-05 09:53:46','2017-06-05 09:57:38'),(93,30002781,'UFI-720',2,5,'2017-06-05 09:53:47','2017-06-05 09:57:39'),(94,30002781,'WBO-568',2,5,'2017-06-05 09:53:48','2017-06-05 09:57:04'),(95,30002781,'ZQI-860',6,5,'2017-06-05 09:55:08','2017-06-05 09:57:40'),(96,30002783,'SYR-742',3,18,'2017-06-05 09:57:56','2017-06-05 10:01:01'),(97,30002783,'VVX-456',7,5,'2017-06-05 09:57:57','2017-06-05 10:01:02'),(98,30002783,'YPG-426',2,5,'2017-06-05 09:57:58','2017-06-05 10:01:02'),(99,30002783,'ZGU-587',2,5,'2017-06-05 09:57:58','2017-06-05 10:01:03'),(100,30002787,'GPO-396',3,13,'2017-06-05 10:01:17','2017-06-05 10:02:51'),(101,30002787,'QEO-112',6,5,'2017-06-05 10:01:18','2017-06-05 10:02:52'),(102,30002783,'YFQ-606',1,5,'2017-06-05 10:06:37','2017-06-05 10:06:37'),(103,30002781,'SVL-496',1,5,'2017-06-05 10:56:04','2017-06-05 10:56:04'),(104,30002781,'AAA-000',1,5,'2017-06-12 17:53:31','2017-06-12 17:53:31'),(120,8,'AAA-011',2,45,'2017-06-12 18:43:45','2017-06-12 18:43:45'),(121,8,'AAA-012',2,45,'2017-06-12 18:45:41','2017-06-12 18:45:41'),(122,30004145,'RNA-434',2,7,'2017-06-24 21:40:11','2017-06-24 21:41:59'),(123,30004145,'ZDZ-685',2,5,'2017-06-24 21:40:11','2017-06-24 21:41:59'),(124,30004146,'FDU-993',2,5,'2017-06-24 21:42:41','2017-06-24 21:45:52'),(125,30004146,'IZI-440',3,46,'2017-06-24 21:42:41','2017-06-24 21:45:52'),(126,30004143,'MVX-622',2,5,'2017-06-24 21:48:13','2017-06-24 22:02:12'),(127,30004142,'BCQ-641',7,5,'2017-06-24 22:02:16','2017-06-24 22:06:50'),(128,30004142,'BQD-781',3,47,'2017-06-24 22:02:16','2017-06-24 22:12:40'),(129,30004142,'SDU-120',2,5,'2017-06-24 22:02:17','2017-06-24 22:12:40'),(130,30004134,'HIC-125',2,7,'2017-06-24 22:12:43','2017-06-24 22:14:12'),(131,30004134,'LNI-423',6,48,'2017-06-24 22:12:43','2017-06-24 22:14:12'),(132,30004133,'COL-640',2,5,'2017-06-24 22:14:16','2017-06-24 23:11:21'),(133,30004133,'SYW-510',2,7,'2017-06-24 22:14:16','2017-06-24 22:16:45'),(134,30004131,'BHD-770',2,5,'2017-06-24 22:16:47','2017-06-24 22:17:48'),(135,30004131,'WNS-728',2,5,'2017-06-24 22:16:48','2017-06-24 22:17:48'),(136,30004091,'PFS-764',2,5,'2017-06-24 22:21:25','2017-06-24 22:36:07'),(137,30004091,'RLN-410',3,49,'2017-06-24 22:21:25','2017-06-24 22:36:07'),(138,30004091,'ZJU-015',3,13,'2017-06-24 22:21:25','2017-06-24 22:36:07'),(139,30001653,'TDX-239',2,5,'2017-06-24 22:38:24','2017-06-24 22:39:50'),(140,30001649,'QZL-130',2,5,'2017-06-24 22:39:52','2017-06-24 22:41:50'),(141,30001649,'UCR-932',3,47,'2017-06-24 22:39:52','2017-06-24 22:41:50'),(142,30001646,'SFI-312',2,5,'2017-06-24 22:41:55','2017-06-24 22:42:51'),(143,30001648,'XHB-141',6,50,'2017-06-24 22:42:54','2017-06-24 22:43:53'),(144,30004131,'ATM-852',3,46,'2017-06-24 22:53:44','2017-06-24 22:55:03'),(145,30004131,'LMV-202',2,7,'2017-06-24 22:53:44','2017-06-24 22:55:03'),(146,30004132,'FCL-340',2,7,'2017-06-24 22:55:16','2017-06-24 22:56:45'),(147,30004132,'HKB-319',2,5,'2017-06-24 22:55:16','2017-06-24 22:56:46'),(148,30004132,'IXB-198',2,5,'2017-06-24 22:55:16','2017-06-24 22:56:46'),(149,30004133,'QKE-544',3,51,'2017-06-24 22:56:57','2017-06-24 22:57:51'),(150,30004135,'MIQ-576',6,5,'2017-06-24 23:11:24','2017-06-24 23:12:25'),(151,30004135,'QBO-816',2,7,'2017-06-24 23:11:24','2017-06-24 23:12:25'),(152,30004134,'SCS-750',6,5,'2017-06-24 23:12:28','2017-06-24 23:13:39'),(153,30004155,'GIC-872',7,5,'2017-06-24 23:13:59','2017-06-24 23:15:05'),(154,30004156,'RVF-510',2,7,'2017-06-24 23:15:08','2017-06-24 23:28:11'),(155,30004156,'XCK-951',3,51,'2017-06-24 23:15:08','2017-06-24 23:16:56'),(156,30004160,'NGT-089',7,5,'2017-06-24 23:28:14','2017-06-24 23:29:24'),(157,30004158,'BAZ-531',3,53,'2017-06-24 23:30:47','2017-06-24 23:36:20'),(158,30004158,'BWI-175',3,52,'2017-06-24 23:30:47','2017-06-24 23:50:10'),(159,30004158,'CGP-500',2,5,'2017-06-24 23:30:48','2017-06-24 23:50:10'),(160,30004158,'JRW-270',2,5,'2017-06-24 23:30:48','2017-06-24 23:50:10'),(161,30004158,'MUD-096',2,7,'2017-06-24 23:30:49','2017-06-24 23:50:10'),(162,30004158,'XOE-986',2,7,'2017-06-24 23:30:49','2017-06-24 23:50:10'),(163,30004157,'YEO-448',7,54,'2017-06-24 23:52:33','2017-06-24 23:53:17'),(164,30004157,'ZVE-811',2,5,'2017-06-24 23:52:33','2017-06-25 19:13:06'),(165,30004159,'DDX-195',3,55,'2017-06-24 23:53:45','2017-06-24 23:57:30'),(166,30004159,'FZI-714',3,5,'2017-06-24 23:53:45','2017-06-26 18:40:55'),(167,30004159,'GWS-822',2,5,'2017-06-24 23:53:45','2017-06-24 23:57:30'),(168,30004159,'VIU-517',6,5,'2017-06-24 23:53:45','2017-06-24 23:57:30'),(169,30004159,'ZSC-821',2,5,'2017-06-24 23:53:45','2017-06-24 23:57:30'),(170,30004147,'FOK-482',7,56,'2017-06-25 00:05:53','2017-06-25 00:12:12'),(171,30004147,'RKB-529',2,5,'2017-06-25 00:05:54','2017-06-25 00:12:12'),(172,30004147,'SXM-200',7,5,'2017-06-25 00:05:54','2017-06-25 00:12:13'),(173,30004147,'VAU-772',2,5,'2017-06-25 00:05:54','2017-06-25 00:12:13'),(174,30004147,'YCJ-616',2,5,'2017-06-25 00:05:54','2017-06-25 00:12:13'),(175,30004147,'IZA-070',3,5,'2017-06-25 18:38:10','2017-06-25 22:46:55'),(176,30004147,'JEQ-742',2,5,'2017-06-25 18:38:10','2017-06-25 18:40:33'),(177,30004147,'RQW-479',7,5,'2017-06-25 18:38:10','2017-06-25 18:40:33'),(178,30004146,'JVW-478',2,5,'2017-06-25 18:42:41','2017-06-25 18:44:44'),(179,30004146,'MSG-400',3,46,'2017-06-25 18:42:41','2017-06-25 18:44:44'),(180,30004146,'OOL-430',3,57,'2017-06-25 18:42:41','2017-06-25 18:44:44'),(181,30004145,'YCV-720',2,5,'2017-06-25 18:44:47','2017-06-25 18:45:53'),(182,30004144,'LBR-985',3,58,'2017-06-25 18:45:55','2017-06-25 18:47:00'),(183,30004142,'GZD-972',3,46,'2017-06-25 18:47:58','2017-06-25 18:49:32'),(184,30004142,'KNP-000',2,7,'2017-06-25 18:47:59','2017-06-25 18:49:32'),(185,30004155,'COJ-014',2,7,'2017-06-25 18:50:53','2017-06-25 18:52:01'),(186,30004157,'EKO-704',6,5,'2017-06-25 18:52:04','2017-06-25 19:14:16'),(187,30004157,'GAH-490',7,5,'2017-06-25 18:52:04','2017-06-25 19:09:51'),(188,30004157,'IYF-264',2,5,'2017-06-25 18:52:04','2017-06-25 19:14:16'),(189,30004157,'PPZ-900',6,5,'2017-06-25 18:52:04','2017-06-25 19:14:16'),(190,30004157,'RLQ-070',3,53,'2017-06-25 18:52:04','2017-06-25 19:12:55'),(191,30004157,'FYE-395',3,55,'2017-06-25 19:09:51','2017-06-25 19:14:16'),(192,30004159,'FRF-724',3,13,'2017-06-25 19:14:28','2017-06-25 19:37:33'),(193,30004159,'TRT-756',3,53,'2017-06-25 19:14:28','2017-06-25 19:29:57'),(194,30004159,'YXA-488',2,7,'2017-06-25 19:14:28','2017-06-25 22:23:23'),(195,30004159,'KCM-956',3,13,'2017-06-25 19:24:48','2017-06-26 18:40:55'),(196,30004157,'VNZ-077',7,5,'2017-06-25 19:37:36','2017-06-25 19:38:39'),(197,30004156,'TLA-244',3,51,'2017-06-25 19:39:20','2017-06-25 19:42:27'),(198,30004156,'XIA-767',3,55,'2017-06-25 19:39:20','2017-06-25 19:53:45'),(199,30004158,'ZUU-106',2,5,'2017-06-25 19:53:47','2017-06-25 19:54:49'),(200,30004156,'LYE-270',6,5,'2017-06-25 21:33:10','2017-06-25 21:35:59'),(201,30004156,'MQG-636',3,10,'2017-06-25 21:33:14','2017-06-25 21:35:59'),(202,30004156,'OPQ-284',3,49,'2017-06-25 21:33:14','2017-06-25 21:35:59'),(203,30004156,'RLO-028',3,5,'2017-06-25 21:33:14','2017-06-25 22:20:39'),(204,30004160,'IOD-544',2,5,'2017-06-25 21:36:03','2017-06-25 21:37:01'),(205,30004160,'JRP-760',3,46,'2017-06-25 21:36:03','2017-06-25 21:37:01'),(206,30004134,'WNC-288',7,5,'2017-06-25 21:38:54','2017-06-25 21:40:02'),(207,30004135,'IAP-824',2,5,'2017-06-25 21:40:05','2017-06-25 21:41:36'),(208,30004135,'RLO-385',3,52,'2017-06-25 21:40:05','2017-06-25 21:41:36'),(209,30004133,'BQM-327',3,47,'2017-06-25 21:41:38','2017-06-25 21:42:57'),(210,30004133,'EVE-220',2,5,'2017-06-25 21:41:38','2017-06-25 21:42:58'),(211,30004132,'NEC-095',3,13,'2017-06-25 21:43:00','2017-06-25 21:43:39'),(212,30004094,'KRU-900',2,5,'2017-06-25 21:46:29','2017-06-25 21:48:21'),(213,30004094,'MKB-828',2,5,'2017-06-25 21:46:29','2017-06-25 21:48:21'),(214,30004092,'FMT-376',2,5,'2017-06-25 21:48:31','2017-06-25 21:50:25'),(215,30004092,'ZFC-619',2,5,'2017-06-25 21:48:31','2017-06-25 21:50:25'),(216,30004152,'HHH-242',2,5,'2017-06-25 21:51:21','2017-06-25 21:52:36'),(217,30004154,'DSC-149',2,5,'2017-06-25 21:52:38','2017-06-25 21:54:36'),(218,30004154,'XJU-508',2,7,'2017-06-25 21:52:38','2017-06-25 21:54:36'),(219,30004094,'EZP-782',3,51,'2017-06-25 21:58:19','2017-06-25 21:59:12'),(220,30004155,'NFQ-157',2,5,'2017-06-25 22:15:31','2017-06-25 22:16:55'),(221,30004156,'SNK-640',3,52,'2017-06-25 22:18:18','2017-06-25 22:20:39'),(222,30004159,'HHQ-494',3,10,'2017-06-25 22:22:21','2017-06-25 22:23:23'),(223,30004142,'IPD-172',3,51,'2017-06-25 22:27:03','2017-06-25 22:28:25'),(224,30004145,'CDO-480',7,5,'2017-06-25 22:41:14','2017-06-25 22:43:07'),(225,30004145,'CJW-884',3,60,'2017-06-25 22:41:15','2017-06-25 22:43:07'),(226,30004146,'VUN-697',3,55,'2017-06-25 22:43:25','2017-06-25 22:44:40'),(227,30004147,'IQY-824',3,47,'2017-06-25 22:44:49','2017-06-25 22:46:55'),(228,30004147,'VFF-557',3,49,'2017-06-25 22:44:49','2017-06-25 22:46:55'),(229,30004147,'BEU-100',7,5,'2017-06-26 18:26:31','2017-06-26 18:28:25'),(230,30004147,'MNX-374',3,52,'2017-06-26 18:26:36','2017-06-26 18:28:25'),(231,30004146,'ADP-230',3,52,'2017-06-26 18:28:27','2017-06-26 18:30:10'),(232,30004146,'EJU-788',2,5,'2017-06-26 18:28:28','2017-06-26 18:30:10'),(233,30004143,'EZA-596',7,5,'2017-06-26 18:32:12','2017-06-26 18:33:13'),(234,30004142,'FRG-810',3,55,'2017-06-26 18:33:16','2017-06-26 18:34:15'),(235,30004134,'GAZ-920',2,5,'2017-06-26 18:34:18','2017-06-26 18:35:35'),(236,30004134,'PZT-252',7,5,'2017-06-26 18:34:18','2017-06-26 18:35:35'),(237,30004157,'OAL-184',6,5,'2017-06-26 18:36:43','2017-06-26 18:38:58'),(238,30004157,'QLW-956',7,5,'2017-06-26 18:36:44','2017-06-26 18:38:58'),(239,30004157,'VLN-244',2,7,'2017-06-26 18:36:44','2017-06-26 18:38:58'),(240,30004159,'TKD-080',3,55,'2017-06-26 18:39:01','2017-06-26 18:40:55'),(241,30004156,'DGL-625',2,5,'2017-06-26 18:42:39','2017-06-26 18:45:49'),(242,30004156,'EJB-222',3,47,'2017-06-26 18:42:39','2017-06-26 18:45:49'),(243,30004156,'KGN-572',3,52,'2017-06-26 18:42:39','2017-06-26 18:45:49'),(244,30004156,'PNI-590',6,5,'2017-06-26 18:42:39','2017-06-26 18:45:49'),(245,30004158,'FKJ-295',3,55,'2017-06-26 18:45:54','2017-06-26 18:47:40'),(246,30004158,'QEE-456',2,7,'2017-06-26 18:45:54','2017-06-26 18:47:40'),(247,30004160,'GDA-480',2,5,'2017-06-26 18:48:36','2017-06-26 18:51:05'),(248,30004160,'QST-904',3,55,'2017-06-26 18:48:37','2017-06-26 18:51:05'),(249,30004160,'VIU-147',2,5,'2017-06-26 18:48:37','2017-06-26 18:51:05'),(250,30004135,'IML-080',6,5,'2017-06-26 18:53:52','2017-06-26 18:55:40'),(251,30004135,'IPX-332',7,5,'2017-06-26 18:53:52','2017-06-26 18:55:40'),(252,30004135,'NCA-909',3,57,'2017-06-26 18:53:52','2017-06-26 18:55:40'),(253,30004133,'CBI-876',6,5,'2017-06-26 18:55:48','2017-06-26 18:57:17'),(254,30004133,'VOO-606',2,5,'2017-06-26 18:55:48','2017-06-26 18:57:17'),(255,30004132,'EPF-256',3,52,'2017-06-26 18:57:20','2017-06-26 19:02:20'),(256,30004132,'FVK-745',2,5,'2017-06-26 18:57:20','2017-06-26 19:02:20'),(257,30004132,'GVM-176',3,13,'2017-06-26 18:57:20','2017-06-26 19:02:21'),(258,30004132,'ZPQ-141',3,13,'2017-06-26 18:57:20','2017-06-26 19:02:21'),(259,30004094,'EAM-036',7,5,'2017-06-26 19:04:28','2017-06-26 19:06:39'),(260,30004094,'KDH-656',7,5,'2017-06-26 19:04:29','2017-06-26 19:06:39'),(261,30004094,'KEL-506',6,5,'2017-06-26 19:04:29','2017-06-26 19:06:39'),(262,30004092,'EBQ-602',2,5,'2017-06-26 19:06:43','2017-06-26 19:08:25'),(263,30004092,'TFG-026',2,7,'2017-06-26 19:06:43','2017-06-26 19:08:25'),(264,30004152,'ERJ-654',3,52,'2017-06-26 19:09:27','2017-06-26 19:10:19'),(265,30004154,'AZQ-562',2,5,'2017-06-26 19:10:22','2017-06-26 19:12:11'),(266,30004154,'CFA-844',6,5,'2017-06-26 19:10:22','2017-06-26 19:12:11'),(267,30004154,'PLK-776',2,5,'2017-06-26 19:10:22','2017-06-26 19:12:11'),(268,30004154,'SXJ-436',2,5,'2017-06-26 19:10:22','2017-06-26 19:12:11'),(269,30004154,'WND-164',2,7,'2017-06-26 19:10:22','2017-06-26 19:12:11'),(270,30004134,'NBB-325',7,5,'2017-06-26 19:31:31','2017-06-26 19:32:53'),(271,30003413,'TEJ-255',1,5,'2017-06-30 17:25:18','2017-06-30 17:25:18'),(272,30003414,'LBT-727',3,61,'2017-06-30 17:25:59','2017-06-30 17:26:56'),(273,30003459,'MCK-592',2,7,'2017-06-30 17:34:32','2017-06-30 19:16:15'),(274,30003413,'ZSB-815',6,5,'2017-06-30 18:41:24','2017-06-30 18:46:06'),(275,30002573,'EFZ-042',1,5,'2017-06-30 18:46:11','2017-06-30 18:46:11'),(276,30002573,'UBI-062',1,5,'2017-06-30 18:46:11','2017-06-30 18:46:11'),(277,30002543,'INU-786',1,5,'2017-06-30 18:47:15','2017-06-30 18:47:15'),(278,30002543,'WYF-382',1,5,'2017-06-30 18:47:15','2017-06-30 18:47:15'),(279,30002053,'FCD-200',1,5,'2017-06-30 18:48:13','2017-06-30 18:48:13'),(280,30003414,'FEM-882',6,5,'2017-06-30 19:13:16','2017-06-30 19:14:00'),(281,30003459,'GWM-950',3,47,'2017-06-30 19:14:29','2017-06-30 19:16:15'),(282,30003460,'BDG-026',6,5,'2017-06-30 19:16:26','2017-06-30 19:18:42'),(283,30003460,'CIT-096',2,5,'2017-06-30 19:16:26','2017-06-30 19:18:42'),(284,30003460,'LNY-855',6,5,'2017-06-30 19:16:26','2017-06-30 19:18:42'),(285,30003460,'TJB-667',2,5,'2017-06-30 19:16:26','2017-06-30 19:18:42'),(286,30003465,'KYF-910',3,63,'2017-06-30 19:19:40','2017-06-30 19:38:01'),(287,30003465,'MZO-032',2,5,'2017-06-30 19:19:40','2017-06-30 19:38:01'),(288,30003465,'PHA-028',3,62,'2017-06-30 19:19:40','2017-06-30 19:21:40'),(289,30002554,'MLF-998',1,5,'2017-06-30 19:41:36','2017-06-30 19:41:36'),(290,30002412,'ABK-470',3,58,'2017-06-30 19:44:19','2017-06-30 19:46:04'),(291,30002401,'BCC-036',3,64,'2017-06-30 19:46:14','2017-06-30 19:47:59'),(292,30002401,'QWZ-264',3,65,'2017-06-30 19:46:14','2017-06-30 19:47:59'),(293,30002399,'DMY-017',6,5,'2017-06-30 19:48:03','2017-06-30 19:51:33'),(294,30002399,'FZG-017',7,66,'2017-06-30 19:48:03','2017-06-30 19:51:33'),(295,30002399,'JYT-378',1,5,'2017-06-30 19:48:03','2017-06-30 19:48:03'),(296,30002399,'WBH-216',6,67,'2017-06-30 19:48:03','2017-06-30 19:51:33'),(297,30002408,'HLN-137',6,5,'2017-06-30 19:51:36','2017-06-30 19:53:39'),(298,30002408,'YZR-810',2,7,'2017-06-30 19:51:36','2017-06-30 19:53:39'),(299,30002397,'BCR-544',7,5,'2017-06-30 19:55:48','2017-06-30 19:58:14'),(300,30002397,'IBN-640',3,13,'2017-06-30 19:55:48','2017-06-30 19:58:14'),(301,30002400,'QLA-140',1,5,'2017-06-30 19:58:23','2017-06-30 19:58:23'),(302,30002400,'RXB-055',7,68,'2017-06-30 19:58:23','2017-06-30 19:59:55'),(303,30002398,'LYA-279',6,5,'2017-06-30 19:59:57','2017-06-30 20:01:46'),(304,30002398,'TXF-823',3,13,'2017-06-30 19:59:57','2017-06-30 20:02:16'),(305,30002396,'DSZ-602',7,5,'2017-06-30 20:03:41','2017-06-30 20:08:58'),(306,30002396,'DYU-833',3,71,'2017-06-30 20:03:41','2017-06-30 20:08:58'),(307,30002396,'EXJ-680',1,5,'2017-06-30 20:03:41','2017-06-30 20:03:41'),(308,30002396,'MBD-582',3,70,'2017-06-30 20:03:41','2017-06-30 20:08:58'),(309,30002389,'GVF-144',3,63,'2017-06-30 20:09:02','2017-06-30 20:12:50'),(310,30002389,'GWP-130',7,73,'2017-06-30 20:09:02','2017-06-30 20:12:50'),(311,30002389,'JCA-415',3,72,'2017-06-30 20:09:02','2017-06-30 20:12:50'),(312,30002389,'SLT-460',2,5,'2017-06-30 20:09:02','2017-06-30 20:12:50'),(313,30002389,'YGJ-376',3,13,'2017-06-30 20:09:02','2017-06-30 20:12:50'),(314,30002386,'LGK-374',3,13,'2017-06-30 20:12:54','2017-06-30 20:14:58'),(315,30002385,'CQG-040',2,5,'2017-06-30 20:15:10','2017-06-30 20:16:55'),(316,30002383,'GBA-368',2,5,'2017-06-30 20:17:11','2017-06-30 20:20:37'),(317,30002383,'KOO-078',3,74,'2017-06-30 20:17:11','2017-07-01 19:15:37'),(318,30002383,'LKX-991',2,7,'2017-06-30 20:17:11','2017-06-30 20:20:37'),(319,30002384,'AOZ-376',6,5,'2017-06-30 20:20:56','2017-06-30 20:42:58'),(320,30002384,'TLX-854',3,62,'2017-06-30 20:20:56','2017-06-30 20:23:31'),(321,30002384,'ABX-456',6,5,'2017-07-01 01:26:28','2017-07-01 01:28:19'),(322,30002383,'DGR-942',6,5,'2017-07-01 01:28:34','2017-07-01 01:29:35'),(323,30002385,'OYW-524',6,5,'2017-07-01 01:29:38','2017-07-01 01:31:08'),(324,30002386,'NVH-022',3,10,'2017-07-01 01:31:11','2017-07-01 01:34:00'),(325,30002389,'AWO-076',2,5,'2017-07-01 01:34:04','2017-07-01 01:36:15'),(326,30002400,'SEF-170',3,47,'2017-07-01 01:38:48','2017-07-01 01:40:23'),(327,30002408,'OPW-740',2,5,'2017-07-01 01:43:27','2017-07-01 01:45:25'),(328,30002408,'OYH-316',3,75,'2017-07-01 01:43:27','2017-07-01 01:45:25'),(329,30002399,'USP-280',7,5,'2017-07-01 16:03:47','2017-07-01 16:06:28'),(330,30002399,'ZSE-323',6,76,'2017-07-01 16:03:47','2017-07-01 16:06:28'),(331,30002408,'LOR-705',3,47,'2017-07-01 16:06:31','2017-07-01 16:07:47'),(332,30002408,'PKL-607',7,68,'2017-07-01 16:06:31','2017-07-01 16:07:47'),(333,30002409,'ASJ-448',2,5,'2017-07-01 16:07:50','2017-07-01 16:40:45'),(334,30002409,'CLN-832',2,5,'2017-07-01 16:07:50','2017-07-01 16:40:45'),(335,30002409,'IQK-736',1,5,'2017-07-01 16:07:50','2017-07-01 16:07:50'),(336,30002409,'XGC-502',1,5,'2017-07-01 16:07:50','2017-07-01 16:07:50'),(337,30002397,'FZR-768',2,5,'2017-07-01 19:02:58','2017-07-01 19:04:52'),(338,30002396,'LRL-417',2,7,'2017-07-01 19:04:54','2017-07-01 19:09:46'),(339,30002396,'TLC-150',2,5,'2017-07-01 19:04:54','2017-07-02 00:46:39'),(340,30002396,'WCA-730',1,5,'2017-07-01 19:04:55','2017-07-01 19:04:55'),(341,30002389,'KMZ-870',7,5,'2017-07-01 19:09:50','2017-07-01 19:11:34'),(342,30002389,'MNE-872',2,5,'2017-07-01 19:09:50','2017-07-01 19:11:34'),(343,30002389,'REL-944',2,7,'2017-07-01 19:09:50','2017-07-01 19:11:34'),(344,30002386,'TVE-152',3,13,'2017-07-01 19:11:37','2017-07-01 19:12:56'),(345,30002383,'AVK-572',2,5,'2017-07-01 19:14:12','2017-07-01 19:15:37'),(346,30002383,'RKH-020',2,7,'2017-07-01 19:14:12','2017-07-01 19:15:37'),(347,30002384,'VTM-438',3,13,'2017-07-01 19:15:46','2017-07-01 19:16:45'),(348,30002400,'QJI-418',6,5,'2017-07-01 19:22:55','2017-07-01 19:24:37'),(349,30002398,'AGD-800',2,5,'2017-07-01 19:24:40','2017-07-01 19:26:53'),(350,30002398,'LYB-126',6,5,'2017-07-01 19:24:40','2017-07-01 19:26:53'),(351,30002398,'XLQ-491',2,5,'2017-07-01 19:24:40','2017-07-01 19:26:53'),(352,30002399,'LQP-509',2,5,'2017-07-02 00:39:46','2017-07-02 00:40:45'),(353,30002399,'ULK-932',6,5,'2017-07-02 00:39:46','2017-07-02 00:41:00'),(354,30002397,'DAX-637',3,78,'2017-07-02 00:41:14','2017-07-02 00:43:31'),(355,30002397,'MMC-580',6,77,'2017-07-02 00:41:15','2017-07-02 00:43:31'),(356,30002396,'AFF-756',1,5,'2017-07-02 00:43:34','2017-07-02 00:43:34'),(357,30002396,'LBQ-453',2,5,'2017-07-02 00:43:34','2017-07-02 00:46:39'),(358,30002386,'CPK-008',3,10,'2017-07-02 00:47:52','2017-07-02 00:52:02'),(359,30002386,'JEF-273',3,10,'2017-07-02 00:47:52','2017-07-02 00:52:02'),(360,30002386,'PTE-664',7,5,'2017-07-02 00:47:53','2017-07-02 00:52:02'),(361,30002570,'CTA-360',2,5,'2017-07-02 00:53:41','2017-07-02 00:56:39'),(362,30002570,'HFJ-450',2,5,'2017-07-02 00:53:41','2017-07-02 00:56:39'),(363,30002570,'IPR-450',2,5,'2017-07-02 00:53:41','2017-07-02 00:56:40'),(364,30002570,'KJI-740',2,5,'2017-07-02 00:53:41','2017-07-02 00:56:40'),(365,30002570,'YGV-080',1,5,'2017-07-02 00:53:41','2017-07-02 00:53:41'),(366,30002543,'GOL-610',3,70,'2017-07-02 00:57:41','2017-07-02 01:00:05'),(367,30002543,'UKK-576',2,7,'2017-07-02 00:57:41','2017-07-02 01:00:05'),(368,30002053,'TQF-369',2,5,'2017-07-02 01:00:08','2017-07-02 01:00:50'),(369,30002723,'AQP-780',1,5,'2017-07-02 01:01:05','2017-07-02 01:01:05'),(370,30002723,'DHO-967',1,5,'2017-07-02 01:01:05','2017-07-02 01:01:05'),(371,30002723,'IMR-600',1,5,'2017-07-02 01:01:05','2017-07-02 01:01:05'),(372,30002719,'DWF-834',1,5,'2017-07-02 01:02:15','2017-07-02 01:02:15'),(373,30002719,'FMP-255',1,5,'2017-07-02 01:02:15','2017-07-02 01:02:15'),(374,30002719,'NBF-472',1,5,'2017-07-02 01:02:15','2017-07-02 01:02:15'),(375,30002718,'KUS-374',1,5,'2017-07-02 01:02:52','2017-07-02 01:02:52'),(376,30002718,'OER-786',1,5,'2017-07-02 01:02:52','2017-07-02 01:02:52'),(377,30002718,'PAR-190',1,5,'2017-07-02 01:02:52','2017-07-02 01:02:52'),(378,30002718,'RVN-065',1,5,'2017-07-02 01:02:52','2017-07-02 01:02:52'),(379,30002718,'XUN-115',1,5,'2017-07-02 01:02:52','2017-07-02 01:02:52'),(380,30002691,'APV-812',1,5,'2017-07-02 01:03:50','2017-07-02 01:03:50'),(381,30002691,'NFH-626',1,5,'2017-07-02 01:03:50','2017-07-02 01:03:50'),(382,30002644,'GDF-920',1,5,'2017-07-02 01:04:51','2017-07-02 01:04:51'),(383,30002642,'CGL-316',1,5,'2017-07-02 01:06:47','2017-07-02 01:06:47'),(384,30000144,'EXX-446',1,5,'2017-07-02 01:07:39','2017-07-02 01:07:39'),(385,30000144,'OJU-640',1,5,'2017-07-02 01:07:39','2017-07-02 01:07:39'),(386,30000142,'KVA-616',1,5,'2017-07-02 01:08:56','2017-07-02 01:08:56');
/*!40000 ALTER TABLE `signatures` ENABLE KEYS */;
UNLOCK TABLES;

--
-- Table structure for table `signaturesnames`
--

DROP TABLE IF EXISTS `signaturesnames`;
/*!40101 SET @saved_cs_client     = @@character_set_client */;
/*!40101 SET character_set_client = utf8 */;
CREATE TABLE `signaturesnames` (
  `id` int(11) NOT NULL AUTO_INCREMENT,
  `english` varchar(50) DEFAULT NULL,
  `russian` varchar(50) DEFAULT NULL,
  `russianByteCode` varchar(32) DEFAULT NULL,
  `french` varchar(50) DEFAULT NULL,
  `frenchByteCode` varchar(32) DEFAULT NULL,
  `german` varchar(50) DEFAULT NULL,
  `germanByteCode` varchar(32) DEFAULT NULL,
  `chinese` varchar(50) DEFAULT NULL,
  `chineseByteCode` varchar(32) DEFAULT NULL,
  PRIMARY KEY (`id`)
) ENGINE=InnoDB AUTO_INCREMENT=79 DEFAULT CHARSET=utf8;
/*!40101 SET character_set_client = @saved_cs_client */;

--
-- Dumping data for table `signaturesnames`
--

LOCK TABLES `signaturesnames` WRITE;
/*!40000 ALTER TABLE `signaturesnames` DISABLE KEYS */;
INSERT INTO `signaturesnames` VALUES (1,'test','тест',NULL,NULL,NULL,NULL,NULL,NULL,NULL),(2,'noname','noname',NULL,'noname',NULL,'noname',NULL,'noname',NULL),(3,'TestName0',NULL,NULL,NULL,NULL,NULL,NULL,NULL,NULL),(4,'TestName1',NULL,NULL,NULL,NULL,NULL,NULL,NULL,NULL),(5,'Cosmic Signature',NULL,NULL,NULL,NULL,NULL,NULL,NULL,NULL),(6,'Wormhole',NULL,'51de88520acd18308c64b5b3295f504c',NULL,NULL,NULL,'10 10 20 10',NULL,NULL),(7,'Unstable Wormhole',NULL,NULL,NULL,NULL,NULL,NULL,NULL,NULL),(8,'Combat Site',NULL,NULL,NULL,NULL,NULL,NULL,NULL,NULL),(9,'Serpentis Phi-Outpost',NULL,'3e5215582a74dab724eda3eac673d199',NULL,NULL,NULL,NULL,NULL,NULL),(10,'Chemical Yard',NULL,NULL,NULL,NULL,NULL,NULL,NULL,NULL),(11,'Guristas Watch',NULL,NULL,NULL,NULL,NULL,NULL,NULL,NULL),(12,'Gurista Hideout',NULL,NULL,NULL,NULL,NULL,NULL,NULL,NULL),(13,'Rogue Drone Asteroid Infestation',NULL,NULL,NULL,NULL,NULL,NULL,NULL,NULL),(14,'Local Guristas Virus Test Site',NULL,NULL,NULL,NULL,NULL,NULL,NULL,NULL),(15,'Guristas Vigil',NULL,NULL,NULL,NULL,NULL,NULL,NULL,NULL),(16,'Pith-Robux Asteroid Mining Co.',NULL,NULL,NULL,NULL,NULL,NULL,NULL,NULL),(17,'Local Guristas Production Installation',NULL,NULL,NULL,NULL,NULL,NULL,NULL,NULL),(18,'Gurista Lookout',NULL,NULL,NULL,NULL,NULL,NULL,NULL,NULL),(45,'Test signature',NULL,NULL,NULL,NULL,NULL,NULL,NULL,NULL),(46,'Haunted Yard',NULL,NULL,NULL,NULL,NULL,NULL,NULL,NULL),(47,'Desolate Site',NULL,NULL,NULL,NULL,NULL,NULL,NULL,NULL),(48,'Crumbling Blood Raider Antiquated Outpost',NULL,NULL,NULL,NULL,NULL,NULL,NULL,NULL),(49,'Blood Vigil',NULL,NULL,NULL,NULL,NULL,NULL,NULL,NULL),(50,'Crumbling Sansha Excavation',NULL,NULL,NULL,NULL,NULL,NULL,NULL,NULL),(51,'Mul-Zatah Monastery',NULL,NULL,NULL,NULL,NULL,NULL,NULL,NULL),(52,'Blood Lookout',NULL,NULL,NULL,NULL,NULL,NULL,NULL,NULL),(53,'Blood Raider Intelligence Collection Point',NULL,NULL,NULL,NULL,NULL,NULL,NULL,NULL),(54,'Local Blood Raider Virus Test Site',NULL,NULL,NULL,NULL,NULL,NULL,NULL,NULL),(55,'Blood Watch',NULL,NULL,NULL,NULL,NULL,NULL,NULL,NULL),(56,'Local Blood Raider Shattered Life-Support Unit',NULL,NULL,NULL,NULL,NULL,NULL,NULL,NULL),(57,'Blood Hideout',NULL,NULL,NULL,NULL,NULL,NULL,NULL,NULL),(58,'Rogue Drone Infestation Sprout',NULL,NULL,NULL,NULL,NULL,NULL,NULL,NULL),(59,'Lesser Blood Raider Covert Research Facility',NULL,NULL,NULL,NULL,NULL,NULL,NULL,NULL),(60,'Blood Raider Human Farm',NULL,NULL,NULL,NULL,NULL,NULL,NULL,NULL),(61,'Angel Cartel Occupied Mining Colony',NULL,NULL,NULL,NULL,NULL,NULL,NULL,NULL),(62,'Angel Repurposed Outpost',NULL,NULL,NULL,NULL,NULL,NULL,NULL,NULL),(63,'Provisional Angel Outpost ',NULL,NULL,NULL,NULL,NULL,NULL,NULL,NULL),(64,'Rogue Trial Yard',NULL,NULL,NULL,NULL,NULL,NULL,NULL,NULL),(65,'Angel Mineral Acquisition Outpost',NULL,NULL,NULL,NULL,NULL,NULL,NULL,NULL),(66,'Local Angel Mainframe',NULL,NULL,NULL,NULL,NULL,NULL,NULL,NULL),(67,'Crumbling Angel Stone Formation',NULL,NULL,NULL,NULL,NULL,NULL,NULL,NULL),(68,'Local Angel Data Processing Center ',NULL,NULL,NULL,NULL,NULL,NULL,NULL,NULL),(69,'Crumbling Angel Mining Installation',NULL,NULL,NULL,NULL,NULL,NULL,NULL,NULL),(70,'Angel Creo-Corp Mining',NULL,NULL,NULL,NULL,NULL,NULL,NULL,NULL),(71,'Outgrowth Rogue Drone Hive',NULL,NULL,NULL,NULL,NULL,NULL,NULL,NULL),(72,'Minor Angel Annex',NULL,NULL,NULL,NULL,NULL,NULL,NULL,NULL),(73,'Regional Angel Data Terminal ',NULL,NULL,NULL,NULL,NULL,NULL,NULL,NULL),(74,'Angel Hideout',NULL,NULL,NULL,NULL,NULL,NULL,NULL,NULL),(75,'Angel Watch',NULL,NULL,NULL,NULL,NULL,NULL,NULL,NULL),(76,'Crumbling Angel Crystal Quarry ',NULL,NULL,NULL,NULL,NULL,NULL,NULL,NULL),(77,'Crumbling Angel Antiquated Outpost',NULL,NULL,NULL,NULL,NULL,NULL,NULL,NULL),(78,'Angel Lookout',NULL,NULL,NULL,NULL,NULL,NULL,NULL,NULL);
/*!40000 ALTER TABLE `signaturesnames` ENABLE KEYS */;
UNLOCK TABLES;

--
-- Table structure for table `signaturestypes`
--

DROP TABLE IF EXISTS `signaturestypes`;
/*!40101 SET @saved_cs_client     = @@character_set_client */;
/*!40101 SET character_set_client = utf8 */;
CREATE TABLE `signaturestypes` (
  `id` int(11) NOT NULL AUTO_INCREMENT,
  `typeEnglish` varchar(20) DEFAULT NULL,
  `typeRussian` varchar(20) DEFAULT NULL,
  `typeFrench` varchar(20) DEFAULT NULL,
  `typeGerman` varchar(20) DEFAULT NULL,
  `typeChinese` varchar(20) DEFAULT NULL,
  PRIMARY KEY (`id`)
) ENGINE=InnoDB AUTO_INCREMENT=8 DEFAULT CHARSET=utf8;
/*!40101 SET character_set_client = @saved_cs_client */;

--
-- Dumping data for table `signaturestypes`
--

LOCK TABLES `signaturestypes` WRITE;
/*!40000 ALTER TABLE `signaturestypes` DISABLE KEYS */;
INSERT INTO `signaturestypes` VALUES (1,'Unknow',NULL,NULL,NULL,NULL),(2,'Wormhole',NULL,NULL,NULL,NULL),(3,'Combat site',NULL,NULL,NULL,NULL),(4,'Ore site',NULL,NULL,NULL,NULL),(5,'Gas site',NULL,NULL,NULL,NULL),(6,'Relic site',NULL,NULL,NULL,NULL),(7,'Data site',NULL,NULL,NULL,NULL);
/*!40000 ALTER TABLE `signaturestypes` ENABLE KEYS */;
UNLOCK TABLES;

--
-- Table structure for table `systems`
--

DROP TABLE IF EXISTS `systems`;
/*!40101 SET @saved_cs_client     = @@character_set_client */;
/*!40101 SET character_set_client = utf8 */;
CREATE TABLE `systems` (
  `id` int(11) NOT NULL AUTO_INCREMENT,
  `name` varchar(30) DEFAULT NULL,
  `security` float NOT NULL,
  `regionID` int(11) DEFAULT '4',
  PRIMARY KEY (`id`),
  KEY `id` (`id`),
  KEY `systems_ibfk_1` (`regionID`),
  CONSTRAINT `systems_ibfk_1` FOREIGN KEY (`regionID`) REFERENCES `regions` (`id`) ON DELETE CASCADE
) ENGINE=InnoDB AUTO_INCREMENT=31001119 DEFAULT CHARSET=utf8;
/*!40101 SET character_set_client = @saved_cs_client */;

--
-- Dumping data for table `systems`
--

LOCK TABLES `systems` WRITE;
/*!40000 ALTER TABLE `systems` DISABLE KEYS */;
INSERT INTO `systems` VALUES (1,'nosystem',-0.2,1),(8,'testSystem0',-1,10),(80,'testSystem3',-1,10),(100,'testSystem1',-1,10),(101,'testSystem2',-1,10),(30000139,'Urlen',1,10000002),(30000140,'Maurasi',0.9,10000002),(30000142,'Jita',0.9,10000002),(30000144,'Perimeter',1,10000002),(30001363,'Sobaseki',0.8,10000016),(30001368,'Uemisaisen',0.6,10000016),(30001369,'Sotrentaira',0.5,10000016),(30001374,'Iidoken',0.8,10000016),(30001377,'Sarekuwa',0.9,10000016),(30001379,'Tunttaras',0.9,10000016),(30001389,'Isanamo',0.6,10000016),(30001400,'Litiura',0.5,10000016),(30001646,'Goram',0.6,10000020),(30001648,'Adahum',0.6,10000020),(30001649,'Ahrosseas',0.6,10000020),(30001652,'Pimsu',0.7,10000020),(30001653,'Jarzalad',0.6,10000020),(30002053,'Hek',0.5,10000042),(30002188,'Boranai',0.9,10000043),(30002189,'Hedion',1,10000043),(30002383,'Aeddin',0.6,10000028),(30002384,'Gulfonodi',0.5,10000028),(30002385,'Teonusude',0.6,10000028),(30002386,'Gelfiven',0.6,10000028),(30002389,'Atlar',0.4,10000028),(30002396,'Illamur',0.3,10000028),(30002397,'Horaka',0.6,10000028),(30002398,'Eldulf',0.6,10000028),(30002399,'Orien',0.8,10000028),(30002400,'Varigne',0.6,10000028),(30002401,'Meildolf',0.3,10000028),(30002408,'Fegomenko',0.5,10000028),(30002409,'Osvetur',0.2,10000028),(30002412,'Ennur',0.1,10000028),(30002543,'Eystur',0.9,10000030),(30002554,'Wiskeber',0.4,10000030),(30002570,'Magiko',0.9,10000030),(30002573,'Vullat',1,10000030),(30002642,'Iyen-Oursta',0.8,10000032),(30002643,'Faurent',0.5,10000032),(30002644,'Ambeke',0.5,10000032),(30002691,'Crielere',0.4,10000032),(30002718,'Rancer',0.4,10000032),(30002719,'Miroitem',0.3,10000032),(30002723,'Otou',0.3,10000032),(30002737,'Konola',0.7,10000033),(30002739,'Isaziwa',0.7,10000033),(30002740,'Eitu',0.5,10000033),(30002750,'Oiniken',0.7,10000033),(30002752,'Ahynada',0.8,10000033),(30002753,'Aikoro',0.8,10000033),(30002754,'Alikara',0.7,10000033),(30002761,'Kassigainen',0.9,10000033),(30002762,'Yashunen',1,10000033),(30002763,'Tennen',0.9,10000033),(30002764,'Hatakani',0.9,10000033),(30002765,'Sivala',0.6,10000033),(30002768,'Uedama',0.5,10000033),(30002775,'Paara',0.8,10000033),(30002776,'Annaro',0.8,10000033),(30002777,'Isutaka',0.8,10000033),(30002778,'Tasabeshi',0.8,10000033),(30002779,'Ono',0.8,10000033),(30002781,'Halaima',0.7,10000033),(30002783,'Sankkasen',0.7,10000033),(30002786,'Ikao',0.6,10000033),(30002787,'Waira',0.5,10000033),(30002788,'Inaro',0.8,10000033),(30002789,'Kaaputenen',0.8,10000033),(30002791,'Sirppala',0.9,10000033),(30002800,'Haatomo',0.6,10000033),(30002801,'Suroken',0.7,10000033),(30002802,'Kusomonmon',0.8,10000033),(30003413,'Eram',0.8,10000042),(30003414,'Yrmori',0.6,10000042),(30003459,'Lirerim',0.6,10000042),(30003460,'Offikatlin',0.4,10000042),(30003465,'Tabbetzur',0.3,10000042),(30003491,'Ashab',0.9,10000043),(30003503,'Madirmilire',0.6,10000043),(30003504,'Niarja',0.5,10000043),(30004091,'Uanim',0.6,10000052),(30004092,'Murini',0.6,10000052),(30004094,'Nordar',0.6,10000052),(30004095,'Kador Prime',0.6,10000052),(30004130,'Hostakoh',0.6,10000052),(30004131,'Yooh',0.7,10000052),(30004132,'Jeshideh',0.7,10000052),(30004133,'Hilmar',0.8,10000052),(30004134,'Kasi',0.8,10000052),(30004135,'Shura',0.8,10000052),(30004142,'Hikansog',0.8,10000052),(30004143,'Syrikos',0.9,10000052),(30004144,'Yebouz',0.9,10000052),(30004145,'Hapala',0.9,10000052),(30004146,'Salah',0.8,10000052),(30004147,'Akhmoh',0.8,10000052),(30004150,'Shaggoth',0.7,10000052),(30004152,'Kooreng',0.7,10000052),(30004154,'Yehnifi',0.6,10000052),(30004155,'Shemah',0.8,10000052),(30004156,'Asrios',0.8,10000052),(30004157,'Ithar',0.8,10000052),(30004158,'Telang',0.8,10000052),(30004159,'Lazara',0.8,10000052),(30004160,'Zorrabed',0.8,10000052),(30004973,'Caslemon',0.6,10000064),(30004974,'Jolevier',0.9,10000064),(30004975,'Mesybier',0.5,10000064),(30005015,'Synchelle',0.9,10000064),(30005016,'Wysalan',0.8,10000064),(30005017,'Yona',0.8,10000064),(30005018,'Noghere',0.7,10000064),(31000284,'J153311',-1,1),(31000378,'J124219',-1,1),(31001118,'J101500',-1,1);
/*!40000 ALTER TABLE `systems` ENABLE KEYS */;
UNLOCK TABLES;

--
-- Dumping routines for database 'evesst_database'
--
/*!50003 DROP FUNCTION IF EXISTS `regionCreate` */;
/*!50003 SET @saved_cs_client      = @@character_set_client */ ;
/*!50003 SET @saved_cs_results     = @@character_set_results */ ;
/*!50003 SET @saved_col_connection = @@collation_connection */ ;
/*!50003 SET character_set_client  = utf8 */ ;
/*!50003 SET character_set_results = utf8 */ ;
/*!50003 SET collation_connection  = utf8_general_ci */ ;
/*!50003 SET @saved_sql_mode       = @@sql_mode */ ;
/*!50003 SET sql_mode              = 'STRICT_TRANS_TABLES,NO_AUTO_CREATE_USER,NO_ENGINE_SUBSTITUTION' */ ;
DELIMITER ;;
CREATE DEFINER=`root`@`localhost` FUNCTION `regionCreate`(regID INT, regName VARCHAR(30)) RETURNS int(11)
BEGIN

	DECLARE regExist INT DEFAULT 0;

		# try find region with id
	SELECT id INTO regExist
		FROM regions
        WHERE (id = regID);
        
        # if region doesn't exist
	IF (0 = regExist) THEN
    
			# add system in systems
		INSERT INTO regions(id, name)
			VALUES(regID, regName);
            
			# return created systems.id
		RETURN regID;
	
    END IF;
    
        # if region exist, return error
	RETURN 0;
    
END ;;
DELIMITER ;
/*!50003 SET sql_mode              = @saved_sql_mode */ ;
/*!50003 SET character_set_client  = @saved_cs_client */ ;
/*!50003 SET character_set_results = @saved_cs_results */ ;
/*!50003 SET collation_connection  = @saved_col_connection */ ;
/*!50003 DROP FUNCTION IF EXISTS `sigNameByByteCode` */;
/*!50003 SET @saved_cs_client      = @@character_set_client */ ;
/*!50003 SET @saved_cs_results     = @@character_set_results */ ;
/*!50003 SET @saved_col_connection = @@collation_connection */ ;
/*!50003 SET character_set_client  = utf8 */ ;
/*!50003 SET character_set_results = utf8 */ ;
/*!50003 SET collation_connection  = utf8_general_ci */ ;
/*!50003 SET @saved_sql_mode       = @@sql_mode */ ;
/*!50003 SET sql_mode              = 'STRICT_TRANS_TABLES,NO_AUTO_CREATE_USER,NO_ENGINE_SUBSTITUTION' */ ;
DELIMITER ;;
CREATE DEFINER=`root`@`localhost` FUNCTION `sigNameByByteCode`(nameByteCode VARCHAR(32), languageID INT) RETURNS int(11)
BEGIN

	DECLARE nameID INT DEFAULT 5;

	IF (languageID>0) THEN
    
		CASE languageID
        
			WHEN 1 THEN
				
				SELECT id INTO nameID
					FROM signaturesnames
					WHERE (russianByteCode = nameByteCode)
                    LIMIT 1;
				
			WHEN 2 THEN
				
				SELECT id INTO nameID
					FROM signaturesnames
					WHERE (frenchByteCode = nameByteCode)
                    LIMIT 1;
    
			WHEN 3 THEN
				
				SELECT id INTO nameID
					FROM signaturesnames
					WHERE (germanByteCode = nameByteCode)
                    LIMIT 1;
                    
			WHEN 4 THEN
				
				SELECT id INTO nameID
					FROM signaturesnames
					WHERE (chineseByteCode = nameByteCode)
                    LIMIT 1;
                 
		END CASE;
    
    END IF;

	RETURN nameID;

END ;;
DELIMITER ;
/*!50003 SET sql_mode              = @saved_sql_mode */ ;
/*!50003 SET character_set_client  = @saved_cs_client */ ;
/*!50003 SET character_set_results = @saved_cs_results */ ;
/*!50003 SET collation_connection  = @saved_col_connection */ ;
/*!50003 DROP FUNCTION IF EXISTS `sigNameByName` */;
/*!50003 SET @saved_cs_client      = @@character_set_client */ ;
/*!50003 SET @saved_cs_results     = @@character_set_results */ ;
/*!50003 SET @saved_col_connection = @@collation_connection */ ;
/*!50003 SET character_set_client  = utf8 */ ;
/*!50003 SET character_set_results = utf8 */ ;
/*!50003 SET collation_connection  = utf8_general_ci */ ;
/*!50003 SET @saved_sql_mode       = @@sql_mode */ ;
/*!50003 SET sql_mode              = 'STRICT_TRANS_TABLES,NO_AUTO_CREATE_USER,NO_ENGINE_SUBSTITUTION' */ ;
DELIMITER ;;
CREATE DEFINER=`root`@`localhost` FUNCTION `sigNameByName`(sigName varchar(50), languageID int) RETURNS int(11)
BEGIN

	DECLARE nameID INT DEFAULT 0;

	IF (languageID > 0) THEN
		RETURN 0;
	ELSE
    
		SELECT id INTO nameID
			FROM signaturesnames
            WHERE (english = sigName)
            LIMIT 1;
            
		IF (nameID = 0) THEN
			INSERT INTO signaturesnames(id, english)
				VALUES(NULL, sigName);
                
			RETURN (SELECT LAST_INSERT_ID());
            
		ELSE
            RETURN nameID;
		END IF;
        
	END IF;
    
	RETURN 0;
END ;;
DELIMITER ;
/*!50003 SET sql_mode              = @saved_sql_mode */ ;
/*!50003 SET character_set_client  = @saved_cs_client */ ;
/*!50003 SET character_set_results = @saved_cs_results */ ;
/*!50003 SET collation_connection  = @saved_col_connection */ ;
/*!50003 DROP FUNCTION IF EXISTS `signatureCreate` */;
/*!50003 SET @saved_cs_client      = @@character_set_client */ ;
/*!50003 SET @saved_cs_results     = @@character_set_results */ ;
/*!50003 SET @saved_col_connection = @@collation_connection */ ;
/*!50003 SET character_set_client  = utf8 */ ;
/*!50003 SET character_set_results = utf8 */ ;
/*!50003 SET collation_connection  = utf8_general_ci */ ;
/*!50003 SET @saved_sql_mode       = @@sql_mode */ ;
/*!50003 SET sql_mode              = 'STRICT_TRANS_TABLES,NO_AUTO_CREATE_USER,NO_ENGINE_SUBSTITUTION' */ ;
DELIMITER ;;
CREATE DEFINER=`root`@`localhost` FUNCTION `signatureCreate`(sysID int, sigCode varchar(7), sigTypeID int, 
								   name varchar(50), languageID int) RETURNS int(11)
BEGIN
	DECLARE systemExist, sigExits, typeExist, sigNameID int DEFAULT 0;
    
		# CHECK SYSTEM EXIST
    SELECT id INTO systemExist
		FROM systems
        WHERE (id = sysID);
        
	IF (0 = systemExist) THEN
		RETURN 0;
	END IF;
        
		# CHECK SIGNATURE DOES NOT EXIST
    SELECT id INTO sigExits
		FROM signatures
        WHERE (systemID = sysID AND code = sigCode);
        
	IF (sigExits) THEN
		RETURN sigExits;
	END IF;
        
		# CHECK TYPE EXIST
    SELECT id INTO typeExist
		FROM signaturestypes
        WHERE (id = sigTypeID);
        
	IF (0 = typeExist) THEN
		RETURN 0;
	END IF;
        
		# TRY FIND NAME
	IF (languageID > 0) THEN
		SELECT sigNameByByteCode(name, languageID) INTO sigNameID;
	ELSE
		SELECT sigNameByName(name, languageID) INTO sigNameID;
	END IF;
        
	IF (sigNameID = 0) THEN
		RETURN 0;
	END IF;

		# INSERT NEW SIGNATURE
	INSERT INTO signatures(id, systemID, code, typeID, nameID, created, lastCheck)
		VALUES (NULL, sysID, sigCode, sigTypeID, sigNameID, default, default);

	RETURN (SELECT LAST_INSERT_ID());
END ;;
DELIMITER ;
/*!50003 SET sql_mode              = @saved_sql_mode */ ;
/*!50003 SET character_set_client  = @saved_cs_client */ ;
/*!50003 SET character_set_results = @saved_cs_results */ ;
/*!50003 SET collation_connection  = @saved_col_connection */ ;
/*!50003 DROP FUNCTION IF EXISTS `signaturesnameUpdateFrom` */;
/*!50003 SET @saved_cs_client      = @@character_set_client */ ;
/*!50003 SET @saved_cs_results     = @@character_set_results */ ;
/*!50003 SET @saved_col_connection = @@collation_connection */ ;
/*!50003 SET character_set_client  = utf8 */ ;
/*!50003 SET character_set_results = utf8 */ ;
/*!50003 SET collation_connection  = utf8_general_ci */ ;
/*!50003 SET @saved_sql_mode       = @@sql_mode */ ;
/*!50003 SET sql_mode              = 'STRICT_TRANS_TABLES,NO_AUTO_CREATE_USER,NO_ENGINE_SUBSTITUTION' */ ;
DELIMITER ;;
CREATE DEFINER=`root`@`localhost` FUNCTION `signaturesnameUpdateFrom`(sigID INT, sigNameBytes VARCHAR(32), languageID int) RETURNS int(11)
BEGIN

	DECLARE gotNameID INT DEFAULT 0;
    
    IF (languageID) THEN
    
			# get nameID of signature
		SELECT nameID INTO gotNameID
			FROM signatures
			WHERE (id = sigID)
			ORDER BY created DESC
			LIMIT 1;

			# if name is not default
		IF (gotNameID>5) THEN
        
				# update language bytecode for this name
			CASE languageID
            
				WHEN 1 THEN
                
					UPDATE signaturesnames
						SET russianByteCode = sigNameBytes
                        WHERE (id = gotNameID);
                        
					RETURN gotNameID;
                
                WHEN 2 THEN
                
					UPDATE signaturesnames
						SET frenchByteCode = sigNameBytes
                        WHERE (id = gotNameID);
                        
					RETURN gotNameID;
                
                WHEN 3 THEN
                
					UPDATE signaturesnames
						SET germanByteCode = sigNameBytes
                        WHERE (id = gotNameID);
                        
					RETURN gotNameID;
            
                WHEN 4 THEN
                
					UPDATE signaturesnames
						SET chineseByteCode = sigNameBytes
                        WHERE (id = gotNameID);
                        
					RETURN gotNameID;
            
            END CASE;
        
		END IF;
        
	END IF;

		# error return "Cosmic Signature"
	RETURN 5;
END ;;
DELIMITER ;
/*!50003 SET sql_mode              = @saved_sql_mode */ ;
/*!50003 SET character_set_client  = @saved_cs_client */ ;
/*!50003 SET character_set_results = @saved_cs_results */ ;
/*!50003 SET collation_connection  = @saved_col_connection */ ;
/*!50003 DROP FUNCTION IF EXISTS `signatureUpdate` */;
/*!50003 SET @saved_cs_client      = @@character_set_client */ ;
/*!50003 SET @saved_cs_results     = @@character_set_results */ ;
/*!50003 SET @saved_col_connection = @@collation_connection */ ;
/*!50003 SET character_set_client  = utf8 */ ;
/*!50003 SET character_set_results = utf8 */ ;
/*!50003 SET collation_connection  = utf8_general_ci */ ;
/*!50003 SET @saved_sql_mode       = @@sql_mode */ ;
/*!50003 SET sql_mode              = 'STRICT_TRANS_TABLES,NO_AUTO_CREATE_USER,NO_ENGINE_SUBSTITUTION' */ ;
DELIMITER ;;
CREATE DEFINER=`root`@`localhost` FUNCTION `signatureUpdate`(sigID int, sigTypeID int, sigName VARCHAR(50), sigNameBytes VARCHAR(32), languageID int) RETURNS int(11)
BEGIN

	DECLARE checkedTypeID, updates INT DEFAULT 0;
	DECLARE sigNameID INT DEFAULT 5;
    
		# check signature id
	IF (sigTypeID > 1) THEN
		SELECT id INTO checkedTypeID
			FROM signaturesnames
            WHERE (id = sigTypeID);
	END IF;
            
		# if it wrong, exit
	IF (checkedTypeID <= 1) THEN
		RETURN 0;
	END IF;
        
        # if we get name (only when client.scanResult.strenth > 0.75)
	IF (length(sigName) OR length(sigNameBytes)) THEN
    
			# if english, find nameID by name
		IF (languageID = 0) THEN
			SELECT sigNameByName(sigName, languageID) INTO sigNameID;
			
			# if localisated
		ELSE
		
				# try to find by bytecode
			SELECT sigNameByByteCode(sigNameBytes, languageID) INTO sigNameID;
			
				#if not found, try update name of signature 
				#(if it has english name, update localisated byteCode and return anmeID)
			IF (sigNameID=5) THEN
				SELECT signaturesnameUpdateFrom(sigID, sigNameBytes, languageID) INTO sigNameID;
				
			END IF;
			
		END IF;
        
	END IF;
    
		# so, if type and name is ok, update!
	UPDATE signatures 
		SET typeID = checkedTypeID, nameID = sigNameID, lastCheck = now()
        WHERE (id = sigID);

	RETURN 1;
END ;;
DELIMITER ;
/*!50003 SET sql_mode              = @saved_sql_mode */ ;
/*!50003 SET character_set_client  = @saved_cs_client */ ;
/*!50003 SET character_set_results = @saved_cs_results */ ;
/*!50003 SET collation_connection  = @saved_col_connection */ ;
/*!50003 DROP FUNCTION IF EXISTS `systemCreate` */;
/*!50003 SET @saved_cs_client      = @@character_set_client */ ;
/*!50003 SET @saved_cs_results     = @@character_set_results */ ;
/*!50003 SET @saved_col_connection = @@collation_connection */ ;
/*!50003 SET character_set_client  = utf8 */ ;
/*!50003 SET character_set_results = utf8 */ ;
/*!50003 SET collation_connection  = utf8_general_ci */ ;
/*!50003 SET @saved_sql_mode       = @@sql_mode */ ;
/*!50003 SET sql_mode              = 'STRICT_TRANS_TABLES,NO_AUTO_CREATE_USER,NO_ENGINE_SUBSTITUTION' */ ;
DELIMITER ;;
CREATE DEFINER=`root`@`localhost` FUNCTION `systemCreate`(sysID INT, sysName VARCHAR(30), sysSec FLOAT, regID int, regName varchar(30)) RETURNS int(11)
BEGIN

	DECLARE sysExist, regExist INT DEFAULT 0;
    
		# try to get system with id
    SELECT id INTO sysExist
		FROM systems
        WHERE (id = sysID);
        
        # if it exist, exit from fucntion
	IF (sysExist) THEN
		RETURN 0;
	END IF;

		# try to get region with id
	SELECT id INTO regExist
		FROM regions
        WHERE (id = regID);
        
        # if region doesn't exist
	IF (0 = regExist) THEN
    
			# try create region
		SELECT regionCreate(regID, regName) INTO regID;
        
			# if it didn't create, exit from function
        IF (0 = regID) THEN
			RETURN 0;
		END IF;
        
    END IF;
    
		# add system in systems
	INSERT INTO systems(id, name, security, regionID)
		VALUES(sysID, sysName, sysSec, regID);

		# return created systems.id
	RETURN sysID;
END ;;
DELIMITER ;
/*!50003 SET sql_mode              = @saved_sql_mode */ ;
/*!50003 SET character_set_client  = @saved_cs_client */ ;
/*!50003 SET character_set_results = @saved_cs_results */ ;
/*!50003 SET collation_connection  = @saved_col_connection */ ;
/*!40103 SET TIME_ZONE=@OLD_TIME_ZONE */;

/*!40101 SET SQL_MODE=@OLD_SQL_MODE */;
/*!40014 SET FOREIGN_KEY_CHECKS=@OLD_FOREIGN_KEY_CHECKS */;
/*!40014 SET UNIQUE_CHECKS=@OLD_UNIQUE_CHECKS */;
/*!40101 SET CHARACTER_SET_CLIENT=@OLD_CHARACTER_SET_CLIENT */;
/*!40101 SET CHARACTER_SET_RESULTS=@OLD_CHARACTER_SET_RESULTS */;
/*!40101 SET COLLATION_CONNECTION=@OLD_COLLATION_CONNECTION */;
/*!40111 SET SQL_NOTES=@OLD_SQL_NOTES */;

-- Dump completed on 2017-07-14 14:10:56
